role,skills
Data Scientist,Python SQL Machine Learning Statistics Data Analysis Pandas NumPy Scikit-learn Data Visualization
DevOps Engineer,AWS Docker Kubernetes CI/CD Linux Automation Jenkins Terraform Shell Scripting
Backend Developer,Java Python SQL APIs REST Node.js Django Spring Boot Databases System Design
Frontend Developer,JavaScript React HTML CSS TypeScript UI Design Web Design Redux Responsive Design
Full Stack Developer,JavaScript React Node.js SQL APIs HTML CSS Python Git System Design
Machine Learning Engineer,Python TensorFlow PyTorch Machine Learning Deep Learning Model Deployment MLOps Data Pipelines Cloud
Cloud Architect,AWS Azure Cloud Computing Networking Security Automation Docker Kubernetes Infrastructure
Cybersecurity Analyst,Network Security Penetration Testing Linux Python Cryptography Risk Assessment Firewalls SIEM
Mobile App Developer,Kotlin Swift Java React Native Flutter Mobile UI APIs Android iOS
QA Engineer,Testing Automation Selenium Python Test Cases Bug Tracking CI/CD Quality Assurance Manual Testing
Data Engineer,Python SQL ETL Data Pipelines Spark Hadoop Cloud Data Warehousing Airflow
Database Administrator,SQL Database Design Database Optimization Backup Recovery Oracle MySQL PostgreSQL Security
Site Reliability Engineer,Linux Automation Monitoring Cloud Docker Kubernetes Incident Response Scripting Networking
AI Research Engineer,Python Deep Learning Research Machine Learning PyTorch TensorFlow Mathematics Statistics NLP
Product Manager,Communication Market Research Roadmapping Stakeholder Management Data Analysis Agile Leadership
UI/UX Designer,Figma Design Thinking Wireframing User Research Prototyping Web Design UI Design Accessibility
Blockchain Developer,Solidity Smart Contracts Cryptography Blockchain JavaScript Python Security Web3
Systems Administrator,Linux Windows Server Networking Automation Shell Scripting Security System Maintenance
Embedded Systems Engineer,C C++ Microcontrollers Hardware Firmware Electronics Real-Time Systems Debugging
Business Intelligence Analyst,SQL Data Visualization Excel Power BI Tableau Data Analysis Reporting Statistics
